date,wheat_price_usd_per_ton
1992-01-01,169.95477
1992-02-01,177.13060
1992-03-01,169.35074
1992-04-01,159.93120
1992-05-01,149.68912
1992-06-01,148.66573
1992-07-01,136.31902
1992-08-01,128.16849
1992-09-01,138.73579
1992-10-01,140.58128
1992-11-01,147.57419
1992-12-01,147.82765
1993-01-01,155.65077
1993-02-01,148.88438
1993-03-01,147.89966
1993-04-01,141.99240
1993-05-01,136.58081
1993-06-01,121.81779
1993-07-01,127.52240
1993-08-01,129.79701
1993-09-01,131.29431
1993-10-01,135.95616
1993-11-01,146.50160
1993-12-01,158.64539
1994-01-01,153.20798
1994-02-01,147.03752
1994-03-01,141.04378
1994-04-01,140.45267
1994-05-01,140.14735
1994-06-01,139.30443
1994-07-01,137.60045
1994-08-01,146.02412
1994-09-01,158.78514
1994-10-01,167.18806
1994-11-01,161.98677
1994-12-01,164.62175
1995-01-01,156.21309
1995-02-01,154.42010
1995-03-01,150.38599
1995-04-01,148.97865
1995-05-01,158.61156
1995-06-01,169.98079
1995-07-01,190.08528
1995-08-01,184.39330
1995-09-01,193.67128
1995-10-01,203.79175
1995-11-01,204.06732
1995-12-01,208.92494
1996-01-01,196.42830
1996-02-01,206.16696
1996-03-01,205.25712
1996-04-01,239.51622
1996-05-01,248.59487
1996-06-01,215.22603
1996-07-01,196.38691
1996-08-01,181.49701
1996-09-01,170.98053
1996-10-01,169.59598
1996-11-01,169.26582
1996-12-01,167.83107
1997-01-01,167.79075
1997-02-01,164.17070
1997-03-01,167.70859
1997-04-01,175.56792
1997-05-01,168.40291
1997-06-01,141.20066
1997-07-01,130.40807
1997-08-01,139.34598
1997-09-01,138.23970
1997-10-01,136.20717
1997-11-01,135.38204
1997-12-01,129.72911
1998-01-01,127.35021
1998-02-01,128.30888
1998-03-01,128.23540
1998-04-01,118.19770
1998-05-01,118.34960
1998-06-01,112.36881
1998-07-01,106.62054
1998-08-01,97.00328
1998-09-01,97.57114
1998-10-01,112.15567
1998-11-01,115.61132
1998-12-01,111.80459
1999-01-01,111.89321
1999-02-01,104.27853
1999-03-01,104.57567
1999-04-01,102.33111
1999-05-01,99.61033
1999-06-01,99.94277
1999-07-01,93.01397
1999-08-01,98.02208
1999-09-01,94.79866
1999-10-01,88.55224
1999-11-01,91.67545
1999-12-01,90.43735
2000-01-01,93.62286
2000-02-01,98.16683
2000-03-01,96.39621
2000-04-01,94.43122
2000-05-01,99.11205
2000-06-01,103.36662
2000-07-01,97.12576
2000-08-01,96.65182
2000-09-01,103.44217
2000-10-01,107.77586
2000-11-01,105.03678
2000-12-01,113.74002
2001-01-01,109.47943
2001-02-01,103.32319
2001-03-01,105.57124
2001-04-01,106.15420
2001-05-01,110.77417
2001-06-01,109.42614
2001-07-01,108.34371
2001-08-01,104.22421
2001-09-01,103.17622
2001-10-01,104.83128
2001-11-01,106.80159
2001-12-01,104.37039
2002-01-01,106.18920
2002-02-01,103.83760
2002-03-01,102.55157
2002-04-01,104.80296
2002-05-01,104.09641
2002-06-01,115.41186
2002-07-01,132.64464
2002-08-01,149.61353
2002-09-01,173.34262
2002-10-01,180.04397
2002-11-01,164.27918
2002-12-01,149.19599
2003-01-01,140.48329
2003-02-01,141.65650
2003-03-01,129.24585
2003-04-01,126.04827
2003-05-01,131.05241
2003-06-01,118.15713
2003-07-01,115.77595
2003-08-01,133.48449
2003-09-01,130.64998
2003-10-01,130.05660
2003-11-01,141.34708
2003-12-01,145.06750
2004-01-01,147.28961
2004-02-01,141.73386
2004-03-01,142.54873
2004-04-01,146.06482
2004-05-01,143.18427
2004-06-01,136.86141
2004-07-01,132.38743
2004-08-01,122.05578
2004-09-01,126.82077
2004-10-01,123.05629
2004-11-01,127.13309
2004-12-01,123.55457
2005-01-01,122.77896
2005-02-01,123.12996
2005-03-01,129.95567
2005-04-01,120.06431
2005-05-01,119.15446
2005-06-01,122.47332
2005-07-01,130.16444
2005-08-01,131.55830
2005-09-01,137.38632
2005-10-01,143.07284
2005-11-01,136.35400
2005-12-01,139.99337
2006-01-01,144.56796
2006-02-01,158.88735
2006-03-01,155.79315
2006-04-01,161.20800
2006-05-01,176.60342
2006-06-01,176.92076
2006-07-01,181.34837
2006-08-01,165.12938
2006-09-01,164.94232
2006-10-01,182.43231
2006-11-01,182.30108
2006-12-01,179.52956
2007-01-01,172.56663
2007-02-01,175.26729
2007-03-01,173.31320
2007-04-01,178.55585
2007-05-01,178.00636
2007-06-01,206.51690
2007-07-01,222.00173
2007-08-01,240.68699
2007-09-01,297.95246
2007-10-01,303.63049
2007-11-01,286.49562
2007-12-01,339.22570
2008-01-01,336.11707
2008-02-01,393.87373
2008-03-01,403.81290
2008-04-01,326.85162
2008-05-01,288.42029
2008-06-01,314.15835
2008-07-01,299.42748
2008-08-01,304.16407
2008-09-01,263.04966
2008-10-01,202.77494
2008-11-01,194.11463
2008-12-01,188.84495
2009-01-01,211.27608
2009-02-01,195.22490
2009-03-01,199.10057
2009-04-01,200.88765
2009-05-01,227.18609
2009-06-01,227.31469
2009-07-01,195.32599
2009-08-01,179.55405
2009-09-01,156.93045
2009-10-01,163.72644
2009-11-01,177.60728
2009-12-01,171.15550
2010-01-01,167.82186
2010-02-01,160.16156
2010-03-01,156.46412
2010-04-01,156.82547
2010-05-01,158.32846
2010-06-01,149.21269
2010-07-01,182.73850
2010-08-01,219.87744
2010-09-01,240.43218
2010-10-01,234.59956
2010-11-01,241.84013
2010-12-01,274.45682
2011-01-01,295.98861
2011-02-01,317.60065
2011-03-01,285.37581
2011-04-01,307.25441
2011-05-01,307.19455
2011-06-01,285.29787
2011-07-01,271.46221
2011-08-01,288.68831
2011-09-01,272.34056
2011-10-01,251.58913
2011-11-01,244.53785
2011-12-01,236.05969
2012-01-01,243.70237
2012-02-01,245.98048
2012-03-01,243.49360
2012-04-01,228.08631
2012-05-01,228.87964
2012-06-01,241.96579
2012-07-01,310.74644
2012-08-01,315.54822
2012-09-01,316.65305
2012-10-01,318.40783
2012-11-01,319.45994
2012-12-01,303.03856
2013-01-01,288.21032
2013-02-01,271.67859
2013-03-01,263.34186
2013-04-01,264.17026
2013-05-01,276.04515
2013-06-01,266.85088
2013-07-01,257.47289
2013-08-01,258.92594
2013-09-01,257.49962
2013-10-01,278.14956
2013-11-01,259.77772
2013-12-01,246.11258
2014-01-01,229.98036
2014-02-01,242.79828
2014-03-01,275.61249
2014-04-01,276.38236
2014-05-01,287.91287
2014-06-01,261.64990
2014-07-01,238.54991
2014-08-01,229.15800
2014-09-01,211.17110
2014-10-01,210.72493
2014-11-01,215.98792
2014-12-01,234.85884
2015-01-01,213.02141
2015-02-01,201.74207
2015-03-01,202.69143
2015-04-01,195.93123
2015-05-01,193.21657
2015-06-01,199.83544
2015-07-01,199.21748
2015-08-01,173.51759
2015-09-01,164.06922
2015-10-01,165.45148
2015-11-01,157.80438
2015-12-01,163.89346
2016-01-01,164.61163
2016-02-01,159.28380
2016-03-01,164.06047
2016-04-01,163.38684
2016-05-01,157.56034
2016-06-01,156.69504
2016-07-01,133.71020
2016-08-01,127.89991
2016-09-01,123.24876
2016-10-01,122.55850
2016-11-01,122.54980
2016-12-01,122.84633
2017-01-01,137.14574
2017-02-01,147.36144
2017-03-01,146.43150
2017-04-01,138.40759
2017-05-01,146.44021
2017-06-01,157.24619
2017-07-01,174.53242
2017-08-01,139.05082
2017-09-01,138.41339
2017-10-01,133.34452
2017-11-01,138.04596
2017-12-01,147.10327
2018-01-01,156.38804
2018-02-01,172.28912
2018-03-01,180.91882
2018-04-01,180.37641
2018-05-01,192.70383
2018-06-01,193.07922
2018-07-01,196.80608
2018-08-01,211.29206
2018-09-01,191.14442
2018-10-01,188.46161
2018-11-01,181.55239
2018-12-01,188.53584
2019-01-01,188.84495
2019-02-01,177.91670
2019-03-01,164.50664
2019-04-01,159.03009
2019-05-01,158.28170
2019-06-01,174.69776
2019-07-01,163.87675
2019-08-01,149.36301
2019-09-01,146.57049
2019-10-01,153.22109
2019-11-01,157.52826
2019-12-01,165.25464
2020-01-01,178.24178
2020-02-01,172.23110
2020-03-01,170.87475
2020-04-01,179.74652
2020-05-01,174.95497
2020-06-01,169.72234
2020-07-01,170.57412
2020-08-01,174.18248
2020-09-01,204.13731
2020-10-01,203.42630
2020-11-01,210.75394
2020-12-01,217.31254
2021-01-01,237.94425
2021-02-01,240.80639
2021-03-01,229.88755
2021-04-01,239.93614
2021-05-01,278.44701
2021-06-01,238.76703
2021-07-01,243.62801
2021-08-01,274.87603
2021-09-01,269.73351
2021-10-01,294.03682
2021-11-01,317.43735
2021-12-01,324.01790
2022-01-01,326.08167
2022-02-01,347.50323
2022-03-01,387.66501
2022-04-01,406.02689
2022-05-01,444.15657
2022-06-01,397.65232
2022-07-01,321.97513
2022-08-01,323.01677
2022-09-01,346.32218
2022-10-01,353.71291
2022-11-01,344.32986
2022-12-01,323.65484
2023-01-01,320.09705
2023-02-01,332.41202
2023-03-01,309.42960
2023-04-01,312.81082
2023-05-01,299.44001
2023-06-01,282.27675
2023-07-01,278.61760
2023-08-01,241.41388
2023-09-01,229.39071
2023-10-01,216.46394
2023-11-01,216.00027
2023-12-01,229.63341
2024-01-01,226.07853
2024-02-01,219.23807
2024-03-01,211.84102
2024-04-01,208.38168
2024-05-01,227.43077
2024-06-01,205.22605
2024-07-01,183.22563
2024-08-01,175.51047
2024-09-01,188.50522
2024-10-01,197.37195
2024-11-01,185.73479
2024-12-01,185.79435
2025-01-01,190.62964
2025-02-01,190.10264
2025-03-01,179.60654
2025-04-01,174.81674
2025-05-01,196.84107
2025-06-01,173.19476
2025-07-01,165.26662
2025-08-01,159.30794
2025-09-01,155.11514
2025-10-01,157.39233
2025-11-01,169.20329
2025-12-01,165.62667
2026-01-01,169.25051
2026-02-01,174.75249
2026-03-01,193.87712
2026-04-01,202.64150
2026-05-01,220.88455
2026-06-01,199.64829
